keyword,url
nuts,https://www.vexrobotics.com/media/catalog/product/cache/6517c62f5899ad6aa0ba23ceb3eeff97/u/n/untitled-1_1_1.jpg
c-channel,https://www.vexrobotics.com/media/catalog/product/cache/6517c62f5899ad6aa0ba23ceb3eeff97/2/7/276-2906-closeup.jpg
ai vision,https://www.vexrobotics.com/media/catalog/product/cache/6517c62f5899ad6aa0ba23ceb3eeff97/2/7/276-8659_ai_visionsensor_lqc_1.jpg
high strength shaft bearing,https://www.vexrobotics.com/media/catalog/product/cache/0c40cc075c35680261029fa6d255feee/2/7/276-3521.jpg
high strength pillow block,https://www.vexrobotics.com/media/catalog/product/cache/0c40cc075c35680261029fa6d255feee/2/7/276_8383_high_strength_pillow_block_10_pack_left_render_07252022.jpg
high strength shaft collars,https://www.vexrobotics.com/media/catalog/product/cache/6517c62f5899ad6aa0ba23ceb3eeff97/e/3/e33a8274.jpg
high strength sprocket,https://www.vexrobotics.com/media/catalog/product/cache/0c40cc075c35680261029fa6d255feee/2/7/276-2252-composite-1.jpg
high strength shaft,https://www.vexrobotics.com/media/catalog/product/cache/0c40cc075c35680261029fa6d255feee/e/3/e33a0204.jpg
hex nut retainer,https://www.vexrobotics.com/media/catalog/product/cache/6517c62f5899ad6aa0ba23ceb3eeff97/r/e/retainers-group.jpg
low strength,https://www.vexrobotics.com/media/catalog/product/cache/6517c62f5899ad6aa0ba23ceb3eeff97/s/h/shaft-short_2_2.jpg
battery clip,https://www.vexrobotics.com/media/catalog/product/cache/6517c62f5899ad6aa0ba23ceb3eeff97/v/5/v5-battery_1.jpg
shaft collars,https://www.vexrobotics.com/media/catalog/product/cache/6517c62f5899ad6aa0ba23ceb3eeff97/s/h/shaftcollars.jpg
potentiometer,https://www.vexrobotics.com/media/catalog/product/cache/6517c62f5899ad6aa0ba23ceb3eeff97/v/e/vex_v5_potentiometer_back_right_v01_05252021.jpg
controller,https://www.vexrobotics.com/media/catalog/product/cache/6517c62f5899ad6aa0ba23ceb3eeff97/2/7/276-4820_vex_v5controller_vex_catalog_render_rev_01.jpg
inertial,https://www.vexrobotics.com/media/catalog/product/cache/6517c62f5899ad6aa0ba23ceb3eeff97/2/7/276-4855_vex_v5inertialsensor_left_render_rev_01.jpg
rotation,https://www.vexrobotics.com/media/catalog/product/cache/6517c62f5899ad6aa0ba23ceb3eeff97/2/7/276-6050_vex_v5_rotationsensor_vexcatalog_render_rev_01.jpg
distance,https://www.vexrobotics.com/media/catalog/product/cache/6517c62f5899ad6aa0ba23ceb3eeff97/2/7/276-4852_v5distancesensor_lqc.jpg
expander,https://www.vexrobotics.com/media/catalog/product/cache/6517c62f5899ad6aa0ba23ceb3eeff97/2/7/276-5299_3-wireexpander_lqc_rev1.jpg
retainers,https://www.vexrobotics.com/media/catalog/product/cache/6517c62f5899ad6aa0ba23ceb3eeff97/s/t/standoff-retainers.jpg
standoffs,https://www.vexrobotics.com/media/catalog/product/cache/6517c62f5899ad6aa0ba23ceb3eeff97/b/e/beam-pack_2.jpg
sprockets,https://www.vexrobotics.com/media/catalog/product/cache/6517c62f5899ad6aa0ba23ceb3eeff97/2/7/276-3878-composite_1.jpg
sprocket,https://www.vexrobotics.com/media/catalog/product/cache/6517c62f5899ad6aa0ba23ceb3eeff97/s/p/sprockets.png
optical,https://www.vexrobotics.com/media/catalog/product/cache/6517c62f5899ad6aa0ba23ceb3eeff97/2/7/276-7043_v5opticalsensor_lqc.jpg
battery,https://www.vexrobotics.com/media/catalog/product/cache/6517c62f5899ad6aa0ba23ceb3eeff97/2/7/276-4811_v5_robotbatteryli-ion1100mah_left_render_rev_01.jpg
couplers,https://www.vexrobotics.com/media/catalog/product/cache/6517c62f5899ad6aa0ba23ceb3eeff97/i/m/image_7_.png
bearings,https://www.vexrobotics.com/media/catalog/product/cache/6517c62f5899ad6aa0ba23ceb3eeff97/b/e/bearing-flat_2_2.jpg
washers,https://www.vexrobotics.com/media/catalog/product/cache/6517c62f5899ad6aa0ba23ceb3eeff97/s/p/spacers.jpg
spacers,https://www.vexrobotics.com/media/catalog/product/cache/6517c62f5899ad6aa0ba23ceb3eeff97/s/p/spacers.jpg
bumper,https://www.vexrobotics.com/media/catalog/product/cache/6517c62f5899ad6aa0ba23ceb3eeff97/2/7/276-8010_bumperswitch6n_rqc_rev1.jpg
screws,https://www.vexrobotics.com/media/catalog/product/cache/6517c62f5899ad6aa0ba23ceb3eeff97/s/c/screws_1.jpg
gears,https://www.vexrobotics.com/media/catalog/product/cache/6517c62f5899ad6aa0ba23ceb3eeff97/2/7/276-2169-composite.jpg
radio,https://www.vexrobotics.com/media/catalog/product/cache/6517c62f5899ad6aa0ba23ceb3eeff97/2/7/276-4831_v5_robotradiofsaupdate_left_render_rev_01.jpg
brain,https://www.vexrobotics.com/media/catalog/product/cache/6517c62f5899ad6aa0ba23ceb3eeff97/2/7/276-4810_v5brain_rqc.jpg
limit,https://www.vexrobotics.com/media/catalog/product/cache/6517c62f5899ad6aa0ba23ceb3eeff97/2/7/276-2174_limitswitch_lqc_rev1.jpg
wheel,https://www.vexrobotics.com/media/catalog/product/cache/6517c62f5899ad6aa0ba23ceb3eeff97/v/5/v5-wheels.png
screw,https://www.vexrobotics.com/media/catalog/product/cache/6517c62f5899ad6aa0ba23ceb3eeff97/s/c/screws_1.jpg
claw,https://www.vexrobotics.com/media/catalog/product/cache/6517c62f5899ad6aa0ba23ceb3eeff97/a/s/assembled.jpg
11w,https://www.vexrobotics.com/media/catalog/product/cache/6517c62f5899ad6aa0ba23ceb3eeff97/e/3/e33a6714.jpg
5.5w,https://www.vexrobotics.com/media/catalog/product/cache/6517c62f5899ad6aa0ba23ceb3eeff97/2/7/276-4842_expmotor_rqc_rev1.jpg
gps,https://www.vexrobotics.com/media/catalog/product/cache/6517c62f5899ad6aa0ba23ceb3eeff97/2/7/276-7405_gpssensor_3qr_rev1.jpg